pin_id,article_slug,pin_variant,image_generated,image_reviewed,text_overlay_added,text_legible_mobile,topic_match_checked,no_ai_artifacts,image_uploaded_to_public_pins,ready_for_api
brick-front-walkway-landscaping-ideas-a,brick-front-walkway-landscaping-ideas,A,yes,yes,yes,yes,yes,yes,yes,yes
brick-front-walkway-landscaping-ideas-b,brick-front-walkway-landscaping-ideas,B,yes,yes,yes,yes,yes,yes,yes,yes
budget-front-yard-curb-appeal-for-renters-a,budget-front-yard-curb-appeal-for-renters,A,yes,yes,yes,yes,yes,yes,yes,yes
budget-front-yard-curb-appeal-for-renters-b,budget-front-yard-curb-appeal-for-renters,B,yes,yes,yes,yes,yes,yes,yes,yes
budget-front-yard-curb-appeal-for-renters-c,budget-front-yard-curb-appeal-for-renters,C,yes,yes,yes,yes,yes,yes,yes,yes
budget-front-yard-flower-bed-makeover-a,budget-front-yard-flower-bed-makeover,A,yes,yes,yes,yes,yes,yes,yes,yes
budget-front-yard-flower-bed-makeover-b,budget-front-yard-flower-bed-makeover,B,yes,yes,yes,yes,yes,yes,yes,yes
budget-front-yard-flower-bed-makeover-c,budget-front-yard-flower-bed-makeover,C,yes,yes,yes,yes,yes,yes,yes,yes
budget-front-yard-ideas-with-cheap-border-plants-a,budget-front-yard-ideas-with-cheap-border-plants,A,yes,yes,yes,yes,yes,yes,yes,yes
budget-front-yard-ideas-with-cheap-border-plants-b,budget-front-yard-ideas-with-cheap-border-plants,B,yes,yes,yes,yes,yes,yes,yes,yes
budget-front-yard-ideas-with-cheap-border-plants-c,budget-front-yard-ideas-with-cheap-border-plants,C,yes,yes,yes,yes,yes,yes,yes,yes
budget-front-yard-ideas-with-divided-perennials-a,budget-front-yard-ideas-with-divided-perennials,A,yes,yes,yes,yes,yes,yes,yes,yes
budget-front-yard-ideas-with-divided-perennials-b,budget-front-yard-ideas-with-divided-perennials,B,yes,yes,yes,yes,yes,yes,yes,yes
budget-front-yard-ideas-with-divided-perennials-c,budget-front-yard-ideas-with-divided-perennials,C,yes,yes,yes,yes,yes,yes,yes,yes
budget-front-yard-ideas-with-diy-mailbox-bed-a,budget-front-yard-ideas-with-diy-mailbox-bed,A,yes,yes,yes,yes,yes,yes,yes,yes
budget-front-yard-ideas-with-diy-stepping-stones-a,budget-front-yard-ideas-with-diy-stepping-stones,A,yes,yes,yes,yes,yes,yes,yes,yes
budget-front-yard-ideas-with-diy-stepping-stones-b,budget-front-yard-ideas-with-diy-stepping-stones,B,yes,yes,yes,yes,yes,yes,yes,yes
budget-front-yard-ideas-with-diy-stepping-stones-c,budget-front-yard-ideas-with-diy-stepping-stones,C,yes,yes,yes,yes,yes,yes,yes,yes
budget-front-yard-ideas-with-mulch-and-pots-a,budget-front-yard-ideas-with-mulch-and-pots,A,yes,yes,yes,yes,yes,yes,yes,yes
budget-front-yard-ideas-with-mulch-and-pots-b,budget-front-yard-ideas-with-mulch-and-pots,B,yes,yes,yes,yes,yes,yes,yes,yes
budget-front-yard-ideas-with-one-focal-planter-a,budget-front-yard-ideas-with-one-focal-planter,A,yes,yes,yes,yes,yes,yes,yes,yes
budget-front-yard-ideas-with-one-focal-planter-b,budget-front-yard-ideas-with-one-focal-planter,B,yes,yes,yes,yes,yes,yes,yes,yes
budget-front-yard-ideas-with-one-focal-planter-c,budget-front-yard-ideas-with-one-focal-planter,C,yes,yes,yes,yes,yes,yes,yes,yes
budget-front-yard-ideas-with-one-weekend-makeover-a,budget-front-yard-ideas-with-one-weekend-makeover,A,yes,yes,yes,yes,yes,yes,yes,yes
budget-front-yard-ideas-with-one-weekend-makeover-b,budget-front-yard-ideas-with-one-weekend-makeover,B,yes,yes,yes,yes,yes,yes,yes,yes
budget-front-yard-ideas-with-one-weekend-makeover-c,budget-front-yard-ideas-with-one-weekend-makeover,C,yes,yes,yes,yes,yes,yes,yes,yes
budget-front-yard-ideas-with-painted-planters-a,budget-front-yard-ideas-with-painted-planters,A,yes,yes,yes,yes,yes,yes,yes,yes
budget-front-yard-ideas-with-painted-planters-b,budget-front-yard-ideas-with-painted-planters,B,yes,yes,yes,yes,yes,yes,yes,yes
budget-front-yard-ideas-with-painted-planters-c,budget-front-yard-ideas-with-painted-planters,C,yes,yes,yes,yes,yes,yes,yes,yes
budget-front-yard-ideas-with-reseeded-lawn-edges-a,budget-front-yard-ideas-with-reseeded-lawn-edges,A,yes,yes,yes,yes,yes,yes,yes,yes
budget-front-yard-ideas-with-reseeded-lawn-edges-b,budget-front-yard-ideas-with-reseeded-lawn-edges,B,yes,yes,yes,yes,yes,yes,yes,yes
budget-front-yard-ideas-with-reseeded-lawn-edges-c,budget-front-yard-ideas-with-reseeded-lawn-edges,C,yes,yes,yes,yes,yes,yes,yes,yes
budget-front-yard-ideas-with-reused-brick-a,budget-front-yard-ideas-with-reused-brick,A,yes,yes,yes,yes,yes,yes,yes,yes
budget-front-yard-ideas-with-reused-brick-b,budget-front-yard-ideas-with-reused-brick,B,yes,yes,yes,yes,yes,yes,yes,yes
budget-front-yard-ideas-with-reused-brick-c,budget-front-yard-ideas-with-reused-brick,C,yes,yes,yes,yes,yes,yes,yes,yes
budget-front-yard-ideas-with-secondhand-stone-a,budget-front-yard-ideas-with-secondhand-stone,A,yes,yes,yes,yes,yes,yes,yes,yes
budget-front-yard-ideas-with-secondhand-stone-b,budget-front-yard-ideas-with-secondhand-stone,B,yes,yes,yes,yes,yes,yes,yes,yes
budget-front-yard-ideas-with-seed-grown-flowers-a,budget-front-yard-ideas-with-seed-grown-flowers,A,yes,yes,yes,yes,yes,yes,yes,yes
budget-front-yard-ideas-with-seed-grown-flowers-b,budget-front-yard-ideas-with-seed-grown-flowers,B,yes,yes,yes,yes,yes,yes,yes,yes
budget-front-yard-ideas-with-seed-grown-flowers-c,budget-front-yard-ideas-with-seed-grown-flowers,C,yes,yes,yes,yes,yes,yes,yes,yes
budget-front-yard-ideas-with-simple-stone-rings-a,budget-front-yard-ideas-with-simple-stone-rings,A,yes,yes,yes,yes,yes,yes,yes,yes
budget-front-yard-ideas-with-simple-wood-edging-a,budget-front-yard-ideas-with-simple-wood-edging,A,yes,yes,yes,yes,yes,yes,yes,yes
budget-front-yard-ideas-with-simple-wood-edging-b,budget-front-yard-ideas-with-simple-wood-edging,B,yes,yes,yes,yes,yes,yes,yes,yes
budget-front-yard-ideas-with-simple-wood-edging-c,budget-front-yard-ideas-with-simple-wood-edging,C,yes,yes,yes,yes,yes,yes,yes,yes
budget-front-yard-ideas-with-small-evergreens-a,budget-front-yard-ideas-with-small-evergreens,A,yes,yes,yes,yes,yes,yes,yes,yes
budget-front-yard-ideas-with-small-evergreens-b,budget-front-yard-ideas-with-small-evergreens,B,yes,yes,yes,yes,yes,yes,yes,yes
budget-front-yard-ideas-with-solar-path-lights-a,budget-front-yard-ideas-with-solar-path-lights,A,yes,yes,yes,yes,yes,yes,yes,yes
budget-front-yard-lawn-refresh-ideas-a,budget-front-yard-lawn-refresh-ideas,A,yes,yes,yes,yes,yes,yes,yes,yes
budget-front-yard-lawn-refresh-ideas-b,budget-front-yard-lawn-refresh-ideas,B,yes,yes,yes,yes,yes,yes,yes,yes
budget-front-yard-lawn-refresh-ideas-c,budget-front-yard-lawn-refresh-ideas,C,yes,yes,yes,yes,yes,yes,yes,yes
budget-front-yard-lighting-ideas-a,budget-front-yard-lighting-ideas,A,yes,yes,yes,yes,yes,yes,yes,yes
budget-front-yard-mulch-makeover-ideas-a,budget-front-yard-mulch-makeover-ideas,A,yes,yes,yes,yes,yes,yes,yes,yes
budget-front-yard-mulch-makeover-ideas-b,budget-front-yard-mulch-makeover-ideas,B,yes,yes,yes,yes,yes,yes,yes,yes
budget-front-yard-planter-and-container-ideas-a,budget-front-yard-planter-and-container-ideas,A,yes,yes,yes,yes,yes,yes,yes,yes
budget-front-yard-planter-and-container-ideas-b,budget-front-yard-planter-and-container-ideas,B,yes,yes,yes,yes,yes,yes,yes,yes
budget-front-yard-planter-and-container-ideas-c,budget-front-yard-planter-and-container-ideas,C,yes,yes,yes,yes,yes,yes,yes,yes
budget-front-yard-plants-that-look-expensive-a,budget-front-yard-plants-that-look-expensive,A,yes,yes,yes,yes,yes,yes,yes,yes
budget-front-yard-plants-that-look-expensive-b,budget-front-yard-plants-that-look-expensive,B,yes,yes,yes,yes,yes,yes,yes,yes
budget-front-yard-plants-that-look-expensive-c,budget-front-yard-plants-that-look-expensive,C,yes,yes,yes,yes,yes,yes,yes,yes
budget-front-yard-porch-planter-ideas-a,budget-front-yard-porch-planter-ideas,A,yes,yes,yes,yes,yes,yes,yes,yes
budget-front-yard-porch-planter-ideas-b,budget-front-yard-porch-planter-ideas,B,yes,yes,yes,yes,yes,yes,yes,yes
budget-front-yard-porch-planter-ideas-c,budget-front-yard-porch-planter-ideas,C,yes,yes,yes,yes,yes,yes,yes,yes
budget-front-yard-starter-landscaping-plan-a,budget-front-yard-starter-landscaping-plan,A,yes,yes,yes,yes,yes,yes,yes,yes
budget-front-yard-starter-landscaping-plan-b,budget-front-yard-starter-landscaping-plan,B,yes,yes,yes,yes,yes,yes,yes,yes
budget-front-yard-starter-landscaping-plan-c,budget-front-yard-starter-landscaping-plan,C,yes,yes,yes,yes,yes,yes,yes,yes
cheap-front-yard-curb-appeal-weekend-projects-a,cheap-front-yard-curb-appeal-weekend-projects,A,yes,yes,yes,yes,yes,yes,yes,yes
cheap-front-yard-curb-appeal-weekend-projects-b,cheap-front-yard-curb-appeal-weekend-projects,B,yes,yes,yes,yes,yes,yes,yes,yes
cheap-front-yard-curb-appeal-weekend-projects-c,cheap-front-yard-curb-appeal-weekend-projects,C,yes,yes,yes,yes,yes,yes,yes,yes
cheap-front-yard-rock-landscaping-ideas-a,cheap-front-yard-rock-landscaping-ideas,A,yes,yes,yes,yes,yes,yes,yes,yes
curb-appeal-landscaping-for-black-houses-a,curb-appeal-landscaping-for-black-houses,A,yes,yes,yes,yes,yes,yes,yes,yes
curb-appeal-landscaping-for-black-houses-b,curb-appeal-landscaping-for-black-houses,B,yes,yes,yes,yes,yes,yes,yes,yes
curb-appeal-landscaping-for-black-houses-c,curb-appeal-landscaping-for-black-houses,C,yes,yes,yes,yes,yes,yes,yes,yes
curb-appeal-landscaping-for-blue-houses-a,curb-appeal-landscaping-for-blue-houses,A,yes,yes,yes,yes,yes,yes,yes,yes
curb-appeal-landscaping-for-blue-houses-b,curb-appeal-landscaping-for-blue-houses,B,yes,yes,yes,yes,yes,yes,yes,yes
curb-appeal-landscaping-for-blue-houses-c,curb-appeal-landscaping-for-blue-houses,C,yes,yes,yes,yes,yes,yes,yes,yes
curb-appeal-landscaping-for-colonial-homes-a,curb-appeal-landscaping-for-colonial-homes,A,yes,yes,yes,yes,yes,yes,yes,yes
curb-appeal-landscaping-for-colonial-homes-b,curb-appeal-landscaping-for-colonial-homes,B,yes,yes,yes,yes,yes,yes,yes,yes
curb-appeal-landscaping-for-colonial-homes-c,curb-appeal-landscaping-for-colonial-homes,C,yes,yes,yes,yes,yes,yes,yes,yes
curb-appeal-landscaping-for-craftsman-bungalows-a,curb-appeal-landscaping-for-craftsman-bungalows,A,yes,yes,yes,yes,yes,yes,yes,yes
curb-appeal-landscaping-for-craftsman-bungalows-b,curb-appeal-landscaping-for-craftsman-bungalows,B,yes,yes,yes,yes,yes,yes,yes,yes
curb-appeal-landscaping-for-craftsman-bungalows-c,curb-appeal-landscaping-for-craftsman-bungalows,C,yes,yes,yes,yes,yes,yes,yes,yes
curb-appeal-landscaping-for-farmhouse-exteriors-a,curb-appeal-landscaping-for-farmhouse-exteriors,A,yes,yes,yes,yes,yes,yes,yes,yes
curb-appeal-landscaping-for-farmhouse-exteriors-b,curb-appeal-landscaping-for-farmhouse-exteriors,B,yes,yes,yes,yes,yes,yes,yes,yes
curb-appeal-landscaping-for-farmhouse-exteriors-c,curb-appeal-landscaping-for-farmhouse-exteriors,C,yes,yes,yes,yes,yes,yes,yes,yes
curb-appeal-landscaping-for-gray-houses-a,curb-appeal-landscaping-for-gray-houses,A,yes,yes,yes,yes,yes,yes,yes,yes
curb-appeal-landscaping-for-gray-houses-b,curb-appeal-landscaping-for-gray-houses,B,yes,yes,yes,yes,yes,yes,yes,yes
curb-appeal-landscaping-for-gray-houses-c,curb-appeal-landscaping-for-gray-houses,C,yes,yes,yes,yes,yes,yes,yes,yes
curb-appeal-landscaping-for-small-ranch-houses-a,curb-appeal-landscaping-for-small-ranch-houses,A,yes,yes,yes,yes,yes,yes,yes,yes
curb-appeal-landscaping-for-small-ranch-houses-b,curb-appeal-landscaping-for-small-ranch-houses,B,yes,yes,yes,yes,yes,yes,yes,yes
curb-appeal-landscaping-for-stone-houses-a,curb-appeal-landscaping-for-stone-houses,A,yes,yes,yes,yes,yes,yes,yes,yes
curb-appeal-landscaping-for-white-farmhouses-a,curb-appeal-landscaping-for-white-farmhouses,A,yes,yes,yes,yes,yes,yes,yes,yes
curb-appeal-landscaping-for-white-farmhouses-b,curb-appeal-landscaping-for-white-farmhouses,B,yes,yes,yes,yes,yes,yes,yes,yes
curb-appeal-landscaping-for-white-farmhouses-c,curb-appeal-landscaping-for-white-farmhouses,C,yes,yes,yes,yes,yes,yes,yes,yes
curb-appeal-landscaping-ideas-that-look-expensive-a,curb-appeal-landscaping-ideas-that-look-expensive,A,yes,yes,yes,yes,yes,yes,yes,yes
curb-appeal-landscaping-ideas-that-look-expensive-b,curb-appeal-landscaping-ideas-that-look-expensive,B,yes,yes,yes,yes,yes,yes,yes,yes
curb-appeal-landscaping-ideas-that-look-expensive-c,curb-appeal-landscaping-ideas-that-look-expensive,C,yes,yes,yes,yes,yes,yes,yes,yes
curb-appeal-landscaping-with-a-statement-tree-a,curb-appeal-landscaping-with-a-statement-tree,A,yes,yes,yes,yes,yes,yes,yes,yes
curb-appeal-landscaping-with-a-statement-tree-b,curb-appeal-landscaping-with-a-statement-tree,B,yes,yes,yes,yes,yes,yes,yes,yes
curb-appeal-landscaping-with-a-statement-tree-c,curb-appeal-landscaping-with-a-statement-tree,C,yes,yes,yes,yes,yes,yes,yes,yes
curb-appeal-landscaping-with-clean-foundation-beds-a,curb-appeal-landscaping-with-clean-foundation-beds,A,yes,yes,yes,yes,yes,yes,yes,yes
curb-appeal-landscaping-with-clean-foundation-beds-b,curb-appeal-landscaping-with-clean-foundation-beds,B,yes,yes,yes,yes,yes,yes,yes,yes
curb-appeal-landscaping-with-clean-foundation-beds-c,curb-appeal-landscaping-with-clean-foundation-beds,C,yes,yes,yes,yes,yes,yes,yes,yes
curb-appeal-landscaping-with-clean-lawn-stripes-a,curb-appeal-landscaping-with-clean-lawn-stripes,A,yes,yes,yes,yes,yes,yes,yes,yes
curb-appeal-landscaping-with-clean-lawn-stripes-b,curb-appeal-landscaping-with-clean-lawn-stripes,B,yes,yes,yes,yes,yes,yes,yes,yes
curb-appeal-landscaping-with-clean-lawn-stripes-c,curb-appeal-landscaping-with-clean-lawn-stripes,C,yes,yes,yes,yes,yes,yes,yes,yes
curb-appeal-landscaping-with-driveway-entry-pillars-a,curb-appeal-landscaping-with-driveway-entry-pillars,A,yes,yes,yes,yes,yes,yes,yes,yes
curb-appeal-landscaping-with-driveway-entry-pillars-b,curb-appeal-landscaping-with-driveway-entry-pillars,B,yes,yes,yes,yes,yes,yes,yes,yes
curb-appeal-landscaping-with-front-step-planters-a,curb-appeal-landscaping-with-front-step-planters,A,yes,yes,yes,yes,yes,yes,yes,yes
curb-appeal-landscaping-with-front-step-planters-b,curb-appeal-landscaping-with-front-step-planters,B,yes,yes,yes,yes,yes,yes,yes,yes
curb-appeal-landscaping-with-front-step-planters-c,curb-appeal-landscaping-with-front-step-planters,C,yes,yes,yes,yes,yes,yes,yes,yes
curb-appeal-landscaping-with-front-yard-berms-a,curb-appeal-landscaping-with-front-yard-berms,A,yes,yes,yes,yes,yes,yes,yes,yes
curb-appeal-landscaping-with-front-yard-berms-b,curb-appeal-landscaping-with-front-yard-berms,B,yes,yes,yes,yes,yes,yes,yes,yes
curb-appeal-landscaping-with-front-yard-berms-c,curb-appeal-landscaping-with-front-yard-berms,C,yes,yes,yes,yes,yes,yes,yes,yes
curb-appeal-landscaping-with-front-yard-focal-points-a,curb-appeal-landscaping-with-front-yard-focal-points,A,yes,yes,yes,yes,yes,yes,yes,yes
curb-appeal-landscaping-with-front-yard-focal-points-b,curb-appeal-landscaping-with-front-yard-focal-points,B,yes,yes,yes,yes,yes,yes,yes,yes
curb-appeal-landscaping-with-front-yard-focal-points-c,curb-appeal-landscaping-with-front-yard-focal-points,C,yes,yes,yes,yes,yes,yes,yes,yes
curb-appeal-landscaping-with-front-yard-trees-a,curb-appeal-landscaping-with-front-yard-trees,A,yes,yes,yes,yes,yes,yes,yes,yes
curb-appeal-landscaping-with-front-yard-trees-b,curb-appeal-landscaping-with-front-yard-trees,B,yes,yes,yes,yes,yes,yes,yes,yes
curb-appeal-landscaping-with-front-yard-trees-c,curb-appeal-landscaping-with-front-yard-trees,C,yes,yes,yes,yes,yes,yes,yes,yes
curb-appeal-landscaping-with-layered-porch-planters-a,curb-appeal-landscaping-with-layered-porch-planters,A,yes,yes,yes,yes,yes,yes,yes,yes
curb-appeal-landscaping-with-layered-porch-planters-b,curb-appeal-landscaping-with-layered-porch-planters,B,yes,yes,yes,yes,yes,yes,yes,yes
curb-appeal-landscaping-with-layered-porch-planters-c,curb-appeal-landscaping-with-layered-porch-planters,C,yes,yes,yes,yes,yes,yes,yes,yes
curb-appeal-landscaping-with-outdoor-lighting-a,curb-appeal-landscaping-with-outdoor-lighting,A,yes,yes,yes,yes,yes,yes,yes,yes
curb-appeal-landscaping-with-seasonal-containers-a,curb-appeal-landscaping-with-seasonal-containers,A,yes,yes,yes,yes,yes,yes,yes,yes
curb-appeal-landscaping-with-seasonal-containers-b,curb-appeal-landscaping-with-seasonal-containers,B,yes,yes,yes,yes,yes,yes,yes,yes
curb-appeal-landscaping-with-seasonal-containers-c,curb-appeal-landscaping-with-seasonal-containers,C,yes,yes,yes,yes,yes,yes,yes,yes
curb-appeal-landscaping-with-stone-pillars-a,curb-appeal-landscaping-with-stone-pillars,A,yes,yes,yes,yes,yes,yes,yes,yes
curb-appeal-landscaping-with-symmetrical-planters-a,curb-appeal-landscaping-with-symmetrical-planters,A,yes,yes,yes,yes,yes,yes,yes,yes
curb-appeal-landscaping-with-symmetrical-planters-b,curb-appeal-landscaping-with-symmetrical-planters,B,yes,yes,yes,yes,yes,yes,yes,yes
curb-appeal-landscaping-with-symmetrical-planters-c,curb-appeal-landscaping-with-symmetrical-planters,C,yes,yes,yes,yes,yes,yes,yes,yes
curved-front-walkway-landscaping-ideas-a,curved-front-walkway-landscaping-ideas,A,yes,yes,yes,yes,yes,yes,yes,yes
curved-front-walkway-landscaping-ideas-b,curved-front-walkway-landscaping-ideas,B,yes,yes,yes,yes,yes,yes,yes,yes
drought-tolerant-front-yard-landscaping-ideas-a,drought-tolerant-front-yard-landscaping-ideas,A,yes,yes,yes,yes,yes,yes,yes,yes
drought-tolerant-front-yard-landscaping-ideas-b,drought-tolerant-front-yard-landscaping-ideas,B,yes,yes,yes,yes,yes,yes,yes,yes
flagstone-front-walkway-ideas-a,flagstone-front-walkway-ideas,A,yes,yes,yes,yes,yes,yes,yes,yes
flagstone-front-walkway-ideas-b,flagstone-front-walkway-ideas,B,yes,yes,yes,yes,yes,yes,yes,yes
front-walkway-border-plants-that-stay-neat-a,front-walkway-border-plants-that-stay-neat,A,yes,yes,yes,yes,yes,yes,yes,yes
front-walkway-border-plants-that-stay-neat-b,front-walkway-border-plants-that-stay-neat,B,yes,yes,yes,yes,yes,yes,yes,yes
front-walkway-flower-bed-ideas-a,front-walkway-flower-bed-ideas,A,yes,yes,yes,yes,yes,yes,yes,yes
front-walkway-flower-bed-ideas-b,front-walkway-flower-bed-ideas,B,yes,yes,yes,yes,yes,yes,yes,yes
front-walkway-flower-bed-ideas-c,front-walkway-flower-bed-ideas,C,yes,yes,yes,yes,yes,yes,yes,yes
front-walkway-ideas-for-colonial-homes-a,front-walkway-ideas-for-colonial-homes,A,yes,yes,yes,yes,yes,yes,yes,yes
front-walkway-ideas-for-colonial-homes-b,front-walkway-ideas-for-colonial-homes,B,yes,yes,yes,yes,yes,yes,yes,yes
front-walkway-ideas-for-colonial-homes-c,front-walkway-ideas-for-colonial-homes,C,yes,yes,yes,yes,yes,yes,yes,yes
front-walkway-ideas-for-cottage-homes-a,front-walkway-ideas-for-cottage-homes,A,yes,yes,yes,yes,yes,yes,yes,yes
front-walkway-ideas-for-cottage-homes-b,front-walkway-ideas-for-cottage-homes,B,yes,yes,yes,yes,yes,yes,yes,yes
front-walkway-ideas-for-small-yards-a,front-walkway-ideas-for-small-yards,A,yes,yes,yes,yes,yes,yes,yes,yes
front-walkway-ideas-for-small-yards-b,front-walkway-ideas-for-small-yards,B,yes,yes,yes,yes,yes,yes,yes,yes
front-walkway-ideas-with-bluestone-pavers-a,front-walkway-ideas-with-bluestone-pavers,A,yes,yes,yes,yes,yes,yes,yes,yes
front-walkway-ideas-with-bluestone-pavers-b,front-walkway-ideas-with-bluestone-pavers,B,yes,yes,yes,yes,yes,yes,yes,yes
front-walkway-ideas-with-boxwood-and-lavender-a,front-walkway-ideas-with-boxwood-and-lavender,A,yes,yes,yes,yes,yes,yes,yes,yes
front-walkway-ideas-with-boxwood-and-lavender-b,front-walkway-ideas-with-boxwood-and-lavender,B,yes,yes,yes,yes,yes,yes,yes,yes
front-walkway-ideas-with-boxwood-and-lavender-c,front-walkway-ideas-with-boxwood-and-lavender,C,yes,yes,yes,yes,yes,yes,yes,yes
front-walkway-ideas-with-brick-and-gravel-a,front-walkway-ideas-with-brick-and-gravel,A,yes,yes,yes,yes,yes,yes,yes,yes
front-walkway-ideas-with-brick-and-gravel-b,front-walkway-ideas-with-brick-and-gravel,B,yes,yes,yes,yes,yes,yes,yes,yes
front-walkway-ideas-with-brick-steps-a,front-walkway-ideas-with-brick-steps,A,yes,yes,yes,yes,yes,yes,yes,yes
front-walkway-ideas-with-curved-brick-edging-a,front-walkway-ideas-with-curved-brick-edging,A,yes,yes,yes,yes,yes,yes,yes,yes
front-walkway-ideas-with-driveway-connection-a,front-walkway-ideas-with-driveway-connection,A,yes,yes,yes,yes,yes,yes,yes,yes
front-walkway-ideas-with-driveway-connection-b,front-walkway-ideas-with-driveway-connection,B,yes,yes,yes,yes,yes,yes,yes,yes
front-walkway-ideas-with-flowering-groundcover-a,front-walkway-ideas-with-flowering-groundcover,A,yes,yes,yes,yes,yes,yes,yes,yes
front-walkway-ideas-with-flowering-groundcover-b,front-walkway-ideas-with-flowering-groundcover,B,yes,yes,yes,yes,yes,yes,yes,yes
front-walkway-ideas-with-formal-hedges-a,front-walkway-ideas-with-formal-hedges,A,yes,yes,yes,yes,yes,yes,yes,yes
front-walkway-ideas-with-formal-hedges-b,front-walkway-ideas-with-formal-hedges,B,yes,yes,yes,yes,yes,yes,yes,yes
front-walkway-ideas-with-lavender-borders-a,front-walkway-ideas-with-lavender-borders,A,yes,yes,yes,yes,yes,yes,yes,yes
front-walkway-ideas-with-lavender-borders-b,front-walkway-ideas-with-lavender-borders,B,yes,yes,yes,yes,yes,yes,yes,yes
front-walkway-ideas-with-lavender-borders-c,front-walkway-ideas-with-lavender-borders,C,yes,yes,yes,yes,yes,yes,yes,yes
front-walkway-ideas-with-low-voltage-lighting-a,front-walkway-ideas-with-low-voltage-lighting,A,yes,yes,yes,yes,yes,yes,yes,yes
front-walkway-ideas-with-mixed-border-planting-a,front-walkway-ideas-with-mixed-border-planting,A,yes,yes,yes,yes,yes,yes,yes,yes
front-walkway-ideas-with-mixed-border-planting-b,front-walkway-ideas-with-mixed-border-planting,B,yes,yes,yes,yes,yes,yes,yes,yes
front-walkway-ideas-with-modern-gravel-joints-a,front-walkway-ideas-with-modern-gravel-joints,A,yes,yes,yes,yes,yes,yes,yes,yes
front-walkway-ideas-with-modern-slab-steps-a,front-walkway-ideas-with-modern-slab-steps,A,yes,yes,yes,yes,yes,yes,yes,yes
front-walkway-ideas-with-modern-slab-steps-b,front-walkway-ideas-with-modern-slab-steps,B,yes,yes,yes,yes,yes,yes,yes,yes
front-walkway-ideas-with-porch-landing-planting-a,front-walkway-ideas-with-porch-landing-planting,A,yes,yes,yes,yes,yes,yes,yes,yes
front-walkway-ideas-with-porch-landing-planting-b,front-walkway-ideas-with-porch-landing-planting,B,yes,yes,yes,yes,yes,yes,yes,yes
front-walkway-ideas-with-side-garden-beds-a,front-walkway-ideas-with-side-garden-beds,A,yes,yes,yes,yes,yes,yes,yes,yes
front-walkway-ideas-with-side-garden-beds-b,front-walkway-ideas-with-side-garden-beds,B,yes,yes,yes,yes,yes,yes,yes,yes
front-walkway-ideas-with-soft-curbside-planting-a,front-walkway-ideas-with-soft-curbside-planting,A,yes,yes,yes,yes,yes,yes,yes,yes
front-walkway-ideas-with-soft-curbside-planting-b,front-walkway-ideas-with-soft-curbside-planting,B,yes,yes,yes,yes,yes,yes,yes,yes
front-walkway-ideas-with-stepping-stones-and-grass-a,front-walkway-ideas-with-stepping-stones-and-grass,A,yes,yes,yes,yes,yes,yes,yes,yes
front-walkway-ideas-with-stepping-stones-and-grass-b,front-walkway-ideas-with-stepping-stones-and-grass,B,yes,yes,yes,yes,yes,yes,yes,yes
front-walkway-ideas-with-stepping-stones-and-grass-c,front-walkway-ideas-with-stepping-stones-and-grass,C,yes,yes,yes,yes,yes,yes,yes,yes
front-walkway-ideas-with-stone-and-moss-a,front-walkway-ideas-with-stone-and-moss,A,yes,yes,yes,yes,yes,yes,yes,yes
front-walkway-ideas-with-wide-paver-steps-a,front-walkway-ideas-with-wide-paver-steps,A,yes,yes,yes,yes,yes,yes,yes,yes
front-walkway-ideas-with-wide-paver-steps-b,front-walkway-ideas-with-wide-paver-steps,B,yes,yes,yes,yes,yes,yes,yes,yes
front-walkway-landscaping-with-boxwoods-a,front-walkway-landscaping-with-boxwoods,A,yes,yes,yes,yes,yes,yes,yes,yes
front-walkway-landscaping-with-boxwoods-b,front-walkway-landscaping-with-boxwoods,B,yes,yes,yes,yes,yes,yes,yes,yes
front-walkway-lighting-ideas-a,front-walkway-lighting-ideas,A,yes,yes,yes,yes,yes,yes,yes,yes
front-walkway-stone-border-ideas-a,front-walkway-stone-border-ideas,A,yes,yes,yes,yes,yes,yes,yes,yes
front-yard-annual-flower-ideas-a,front-yard-annual-flower-ideas,A,yes,yes,yes,yes,yes,yes,yes,yes
front-yard-annual-flower-ideas-b,front-yard-annual-flower-ideas,B,yes,yes,yes,yes,yes,yes,yes,yes
front-yard-annual-flower-ideas-c,front-yard-annual-flower-ideas,C,yes,yes,yes,yes,yes,yes,yes,yes
front-yard-basalt-rock-landscaping-ideas-a,front-yard-basalt-rock-landscaping-ideas,A,yes,yes,yes,yes,yes,yes,yes,yes
front-yard-before-and-after-makeover-ideas-a,front-yard-before-and-after-makeover-ideas,A,yes,yes,yes,yes,yes,yes,yes,yes
front-yard-before-and-after-makeover-ideas-b,front-yard-before-and-after-makeover-ideas,B,yes,yes,yes,yes,yes,yes,yes,yes
front-yard-before-and-after-makeover-ideas-c,front-yard-before-and-after-makeover-ideas,C,yes,yes,yes,yes,yes,yes,yes,yes
front-yard-boulder-landscaping-ideas-a,front-yard-boulder-landscaping-ideas,A,yes,yes,yes,yes,yes,yes,yes,yes
front-yard-boxwood-and-flower-bed-ideas-a,front-yard-boxwood-and-flower-bed-ideas,A,yes,yes,yes,yes,yes,yes,yes,yes
front-yard-boxwood-and-flower-bed-ideas-b,front-yard-boxwood-and-flower-bed-ideas,B,yes,yes,yes,yes,yes,yes,yes,yes
front-yard-boxwood-and-flower-bed-ideas-c,front-yard-boxwood-and-flower-bed-ideas,C,yes,yes,yes,yes,yes,yes,yes,yes
front-yard-budget-makeover-plan-a,front-yard-budget-makeover-plan,A,yes,yes,yes,yes,yes,yes,yes,yes
front-yard-budget-makeover-plan-b,front-yard-budget-makeover-plan,B,yes,yes,yes,yes,yes,yes,yes,yes
front-yard-budget-makeover-plan-c,front-yard-budget-makeover-plan,C,yes,yes,yes,yes,yes,yes,yes,yes
front-yard-circular-driveway-landscaping-ideas-a,front-yard-circular-driveway-landscaping-ideas,A,yes,yes,yes,yes,yes,yes,yes,yes
front-yard-circular-driveway-landscaping-ideas-b,front-yard-circular-driveway-landscaping-ideas,B,yes,yes,yes,yes,yes,yes,yes,yes
front-yard-cottage-curb-appeal-ideas-a,front-yard-cottage-curb-appeal-ideas,A,yes,yes,yes,yes,yes,yes,yes,yes
front-yard-cottage-curb-appeal-ideas-b,front-yard-cottage-curb-appeal-ideas,B,yes,yes,yes,yes,yes,yes,yes,yes
front-yard-cottage-curb-appeal-ideas-c,front-yard-cottage-curb-appeal-ideas,C,yes,yes,yes,yes,yes,yes,yes,yes
front-yard-cottage-flower-bed-ideas-a,front-yard-cottage-flower-bed-ideas,A,yes,yes,yes,yes,yes,yes,yes,yes
front-yard-cottage-flower-bed-ideas-b,front-yard-cottage-flower-bed-ideas,B,yes,yes,yes,yes,yes,yes,yes,yes
front-yard-cottage-flower-bed-ideas-c,front-yard-cottage-flower-bed-ideas,C,yes,yes,yes,yes,yes,yes,yes,yes
front-yard-craftsman-house-landscaping-ideas-a,front-yard-craftsman-house-landscaping-ideas,A,yes,yes,yes,yes,yes,yes,yes,yes
front-yard-craftsman-house-landscaping-ideas-b,front-yard-craftsman-house-landscaping-ideas,B,yes,yes,yes,yes,yes,yes,yes,yes
front-yard-craftsman-house-landscaping-ideas-c,front-yard-craftsman-house-landscaping-ideas,C,yes,yes,yes,yes,yes,yes,yes,yes
front-yard-crushed-granite-landscaping-ideas-a,front-yard-crushed-granite-landscaping-ideas,A,yes,yes,yes,yes,yes,yes,yes,yes
front-yard-dahlia-bed-ideas-a,front-yard-dahlia-bed-ideas,A,yes,yes,yes,yes,yes,yes,yes,yes
front-yard-dahlia-bed-ideas-b,front-yard-dahlia-bed-ideas,B,yes,yes,yes,yes,yes,yes,yes,yes
front-yard-dahlia-bed-ideas-c,front-yard-dahlia-bed-ideas,C,yes,yes,yes,yes,yes,yes,yes,yes
front-yard-desert-landscaping-ideas-a,front-yard-desert-landscaping-ideas,A,yes,yes,yes,yes,yes,yes,yes,yes
front-yard-diy-edging-ideas-on-a-budget-a,front-yard-diy-edging-ideas-on-a-budget,A,yes,yes,yes,yes,yes,yes,yes,yes
front-yard-diy-edging-ideas-on-a-budget-b,front-yard-diy-edging-ideas-on-a-budget,B,yes,yes,yes,yes,yes,yes,yes,yes
front-yard-diy-edging-ideas-on-a-budget-c,front-yard-diy-edging-ideas-on-a-budget,C,yes,yes,yes,yes,yes,yes,yes,yes
front-yard-driveway-border-landscaping-ideas-a,front-yard-driveway-border-landscaping-ideas,A,yes,yes,yes,yes,yes,yes,yes,yes
front-yard-driveway-border-landscaping-ideas-b,front-yard-driveway-border-landscaping-ideas,B,yes,yes,yes,yes,yes,yes,yes,yes
front-yard-dry-creek-bed-ideas-a,front-yard-dry-creek-bed-ideas,A,yes,yes,yes,yes,yes,yes,yes,yes
front-yard-entryway-landscaping-ideas-a,front-yard-entryway-landscaping-ideas,A,yes,yes,yes,yes,yes,yes,yes,yes
front-yard-entryway-landscaping-ideas-b,front-yard-entryway-landscaping-ideas,B,yes,yes,yes,yes,yes,yes,yes,yes
front-yard-entryway-landscaping-ideas-c,front-yard-entryway-landscaping-ideas,C,yes,yes,yes,yes,yes,yes,yes,yes
front-yard-fence-line-landscaping-ideas-a,front-yard-fence-line-landscaping-ideas,A,yes,yes,yes,yes,yes,yes,yes,yes
front-yard-fence-line-landscaping-ideas-b,front-yard-fence-line-landscaping-ideas,B,yes,yes,yes,yes,yes,yes,yes,yes
front-yard-fence-line-landscaping-ideas-c,front-yard-fence-line-landscaping-ideas,C,yes,yes,yes,yes,yes,yes,yes,yes
front-yard-flower-bed-around-tree-a,front-yard-flower-bed-around-tree,A,yes,yes,yes,yes,yes,yes,yes,yes
front-yard-flower-bed-around-tree-b,front-yard-flower-bed-around-tree,B,yes,yes,yes,yes,yes,yes,yes,yes
front-yard-flower-bed-around-tree-c,front-yard-flower-bed-around-tree,C,yes,yes,yes,yes,yes,yes,yes,yes
front-yard-flower-bed-color-combinations-a,front-yard-flower-bed-color-combinations,A,yes,yes,yes,yes,yes,yes,yes,yes
front-yard-flower-bed-color-combinations-b,front-yard-flower-bed-color-combinations,B,yes,yes,yes,yes,yes,yes,yes,yes
front-yard-flower-bed-color-combinations-c,front-yard-flower-bed-color-combinations,C,yes,yes,yes,yes,yes,yes,yes,yes
front-yard-flower-bed-ideas-for-brick-walkways-a,front-yard-flower-bed-ideas-for-brick-walkways,A,yes,yes,yes,yes,yes,yes,yes,yes
front-yard-flower-bed-ideas-for-brick-walkways-b,front-yard-flower-bed-ideas-for-brick-walkways,B,yes,yes,yes,yes,yes,yes,yes,yes
front-yard-flower-bed-ideas-for-brick-walkways-c,front-yard-flower-bed-ideas-for-brick-walkways,C,yes,yes,yes,yes,yes,yes,yes,yes
front-yard-flower-bed-ideas-for-curb-appeal-a,front-yard-flower-bed-ideas-for-curb-appeal,A,yes,yes,yes,yes,yes,yes,yes,yes
front-yard-flower-bed-ideas-for-curb-appeal-b,front-yard-flower-bed-ideas-for-curb-appeal,B,yes,yes,yes,yes,yes,yes,yes,yes
front-yard-flower-bed-ideas-for-curb-appeal-c,front-yard-flower-bed-ideas-for-curb-appeal,C,yes,yes,yes,yes,yes,yes,yes,yes
front-yard-flower-bed-ideas-for-ranch-houses-a,front-yard-flower-bed-ideas-for-ranch-houses,A,yes,yes,yes,yes,yes,yes,yes,yes
front-yard-flower-bed-ideas-for-ranch-houses-b,front-yard-flower-bed-ideas-for-ranch-houses,B,yes,yes,yes,yes,yes,yes,yes,yes
front-yard-flower-bed-ideas-for-ranch-houses-c,front-yard-flower-bed-ideas-for-ranch-houses,C,yes,yes,yes,yes,yes,yes,yes,yes
front-yard-flower-bed-ideas-for-shady-porches-a,front-yard-flower-bed-ideas-for-shady-porches,A,yes,yes,yes,yes,yes,yes,yes,yes
front-yard-flower-bed-ideas-for-shady-porches-b,front-yard-flower-bed-ideas-for-shady-porches,B,yes,yes,yes,yes,yes,yes,yes,yes
front-yard-flower-bed-ideas-for-shady-porches-c,front-yard-flower-bed-ideas-for-shady-porches,C,yes,yes,yes,yes,yes,yes,yes,yes
front-yard-flower-bed-ideas-for-white-houses-a,front-yard-flower-bed-ideas-for-white-houses,A,yes,yes,yes,yes,yes,yes,yes,yes
front-yard-flower-bed-ideas-for-white-houses-b,front-yard-flower-bed-ideas-for-white-houses,B,yes,yes,yes,yes,yes,yes,yes,yes
front-yard-flower-bed-ideas-for-white-houses-c,front-yard-flower-bed-ideas-for-white-houses,C,yes,yes,yes,yes,yes,yes,yes,yes
front-yard-flower-bed-ideas-with-blue-and-white-blooms-a,front-yard-flower-bed-ideas-with-blue-and-white-blooms,A,yes,yes,yes,yes,yes,yes,yes,yes
front-yard-flower-bed-ideas-with-blue-and-white-blooms-b,front-yard-flower-bed-ideas-with-blue-and-white-blooms,B,yes,yes,yes,yes,yes,yes,yes,yes
front-yard-flower-bed-ideas-with-blue-and-white-blooms-c,front-yard-flower-bed-ideas-with-blue-and-white-blooms,C,yes,yes,yes,yes,yes,yes,yes,yes
front-yard-flower-bed-ideas-with-brick-edging-a,front-yard-flower-bed-ideas-with-brick-edging,A,yes,yes,yes,yes,yes,yes,yes,yes
front-yard-flower-bed-ideas-with-brick-edging-b,front-yard-flower-bed-ideas-with-brick-edging,B,yes,yes,yes,yes,yes,yes,yes,yes
front-yard-flower-bed-ideas-with-brick-edging-c,front-yard-flower-bed-ideas-with-brick-edging,C,yes,yes,yes,yes,yes,yes,yes,yes
front-yard-flower-bed-ideas-with-curved-edging-a,front-yard-flower-bed-ideas-with-curved-edging,A,yes,yes,yes,yes,yes,yes,yes,yes
front-yard-flower-bed-ideas-with-curved-edging-b,front-yard-flower-bed-ideas-with-curved-edging,B,yes,yes,yes,yes,yes,yes,yes,yes
front-yard-flower-bed-ideas-with-curved-edging-c,front-yard-flower-bed-ideas-with-curved-edging,C,yes,yes,yes,yes,yes,yes,yes,yes
front-yard-flower-bed-ideas-with-evergreen-backdrops-a,front-yard-flower-bed-ideas-with-evergreen-backdrops,A,yes,yes,yes,yes,yes,yes,yes,yes
front-yard-flower-bed-ideas-with-evergreen-backdrops-b,front-yard-flower-bed-ideas-with-evergreen-backdrops,B,yes,yes,yes,yes,yes,yes,yes,yes
front-yard-flower-bed-ideas-with-evergreen-backdrops-c,front-yard-flower-bed-ideas-with-evergreen-backdrops,C,yes,yes,yes,yes,yes,yes,yes,yes
front-yard-flower-bed-ideas-with-evergreens-a,front-yard-flower-bed-ideas-with-evergreens,A,yes,yes,yes,yes,yes,yes,yes,yes
front-yard-flower-bed-ideas-with-evergreens-b,front-yard-flower-bed-ideas-with-evergreens,B,yes,yes,yes,yes,yes,yes,yes,yes
front-yard-flower-bed-ideas-with-evergreens-c,front-yard-flower-bed-ideas-with-evergreens,C,yes,yes,yes,yes,yes,yes,yes,yes
front-yard-flower-bed-ideas-with-low-boxwoods-a,front-yard-flower-bed-ideas-with-low-boxwoods,A,yes,yes,yes,yes,yes,yes,yes,yes
front-yard-flower-bed-ideas-with-low-boxwoods-b,front-yard-flower-bed-ideas-with-low-boxwoods,B,yes,yes,yes,yes,yes,yes,yes,yes
front-yard-flower-bed-ideas-with-low-boxwoods-c,front-yard-flower-bed-ideas-with-low-boxwoods,C,yes,yes,yes,yes,yes,yes,yes,yes
front-yard-flower-bed-ideas-with-pink-perennials-a,front-yard-flower-bed-ideas-with-pink-perennials,A,yes,yes,yes,yes,yes,yes,yes,yes
front-yard-flower-bed-ideas-with-pink-perennials-b,front-yard-flower-bed-ideas-with-pink-perennials,B,yes,yes,yes,yes,yes,yes,yes,yes
front-yard-flower-bed-ideas-with-pink-perennials-c,front-yard-flower-bed-ideas-with-pink-perennials,C,yes,yes,yes,yes,yes,yes,yes,yes
front-yard-flower-bed-ideas-with-purple-perennials-a,front-yard-flower-bed-ideas-with-purple-perennials,A,yes,yes,yes,yes,yes,yes,yes,yes
front-yard-flower-bed-ideas-with-purple-perennials-b,front-yard-flower-bed-ideas-with-purple-perennials,B,yes,yes,yes,yes,yes,yes,yes,yes
front-yard-flower-bed-ideas-with-purple-perennials-c,front-yard-flower-bed-ideas-with-purple-perennials,C,yes,yes,yes,yes,yes,yes,yes,yes
front-yard-flower-bed-ideas-with-stone-edging-a,front-yard-flower-bed-ideas-with-stone-edging,A,yes,yes,yes,yes,yes,yes,yes,yes
front-yard-flower-bed-ideas-with-stone-edging-b,front-yard-flower-bed-ideas-with-stone-edging,B,yes,yes,yes,yes,yes,yes,yes,yes
front-yard-flower-bed-ideas-with-stone-edging-c,front-yard-flower-bed-ideas-with-stone-edging,C,yes,yes,yes,yes,yes,yes,yes,yes
front-yard-flower-bed-ideas-with-yellow-accents-a,front-yard-flower-bed-ideas-with-yellow-accents,A,yes,yes,yes,yes,yes,yes,yes,yes
front-yard-flower-bed-ideas-with-yellow-accents-b,front-yard-flower-bed-ideas-with-yellow-accents,B,yes,yes,yes,yes,yes,yes,yes,yes
front-yard-flower-bed-ideas-with-yellow-accents-c,front-yard-flower-bed-ideas-with-yellow-accents,C,yes,yes,yes,yes,yes,yes,yes,yes
front-yard-flower-border-along-walkway-a,front-yard-flower-border-along-walkway,A,yes,yes,yes,yes,yes,yes,yes,yes
front-yard-flower-border-along-walkway-b,front-yard-flower-border-along-walkway,B,yes,yes,yes,yes,yes,yes,yes,yes
front-yard-flower-border-along-walkway-c,front-yard-flower-border-along-walkway,C,yes,yes,yes,yes,yes,yes,yes,yes
front-yard-foundation-planting-ideas-for-american-homes-a,front-yard-foundation-planting-ideas-for-american-homes,A,yes,yes,yes,yes,yes,yes,yes,yes
front-yard-foundation-planting-ideas-for-american-homes-b,front-yard-foundation-planting-ideas-for-american-homes,B,yes,yes,yes,yes,yes,yes,yes,yes
front-yard-foundation-planting-ideas-for-american-homes-c,front-yard-foundation-planting-ideas-for-american-homes,C,yes,yes,yes,yes,yes,yes,yes,yes
front-yard-hydrangea-bed-ideas-a,front-yard-hydrangea-bed-ideas,A,yes,yes,yes,yes,yes,yes,yes,yes
front-yard-hydrangea-bed-ideas-b,front-yard-hydrangea-bed-ideas,B,yes,yes,yes,yes,yes,yes,yes,yes
front-yard-hydrangea-bed-ideas-c,front-yard-hydrangea-bed-ideas,C,yes,yes,yes,yes,yes,yes,yes,yes
front-yard-iris-bed-ideas-a,front-yard-iris-bed-ideas,A,yes,yes,yes,yes,yes,yes,yes,yes
front-yard-iris-bed-ideas-b,front-yard-iris-bed-ideas,B,yes,yes,yes,yes,yes,yes,yes,yes
front-yard-iris-bed-ideas-c,front-yard-iris-bed-ideas,C,yes,yes,yes,yes,yes,yes,yes,yes
front-yard-landscaping-for-black-front-doors-a,front-yard-landscaping-for-black-front-doors,A,yes,yes,yes,yes,yes,yes,yes,yes
front-yard-landscaping-for-black-front-doors-b,front-yard-landscaping-for-black-front-doors,B,yes,yes,yes,yes,yes,yes,yes,yes
front-yard-landscaping-for-black-front-doors-c,front-yard-landscaping-for-black-front-doors,C,yes,yes,yes,yes,yes,yes,yes,yes
front-yard-landscaping-for-brown-houses-a,front-yard-landscaping-for-brown-houses,A,yes,yes,yes,yes,yes,yes,yes,yes
front-yard-landscaping-for-brown-houses-b,front-yard-landscaping-for-brown-houses,B,yes,yes,yes,yes,yes,yes,yes,yes
front-yard-landscaping-for-brown-houses-c,front-yard-landscaping-for-brown-houses,C,yes,yes,yes,yes,yes,yes,yes,yes
front-yard-landscaping-for-charcoal-houses-a,front-yard-landscaping-for-charcoal-houses,A,yes,yes,yes,yes,yes,yes,yes,yes
front-yard-landscaping-for-charcoal-houses-b,front-yard-landscaping-for-charcoal-houses,B,yes,yes,yes,yes,yes,yes,yes,yes
front-yard-landscaping-for-charcoal-houses-c,front-yard-landscaping-for-charcoal-houses,C,yes,yes,yes,yes,yes,yes,yes,yes
front-yard-landscaping-for-cream-houses-a,front-yard-landscaping-for-cream-houses,A,yes,yes,yes,yes,yes,yes,yes,yes
front-yard-landscaping-for-cream-houses-b,front-yard-landscaping-for-cream-houses,B,yes,yes,yes,yes,yes,yes,yes,yes
front-yard-landscaping-for-cream-houses-c,front-yard-landscaping-for-cream-houses,C,yes,yes,yes,yes,yes,yes,yes,yes
front-yard-landscaping-for-green-houses-a,front-yard-landscaping-for-green-houses,A,yes,yes,yes,yes,yes,yes,yes,yes
front-yard-landscaping-for-green-houses-b,front-yard-landscaping-for-green-houses,B,yes,yes,yes,yes,yes,yes,yes,yes
front-yard-landscaping-for-green-houses-c,front-yard-landscaping-for-green-houses,C,yes,yes,yes,yes,yes,yes,yes,yes
front-yard-landscaping-for-light-gray-houses-a,front-yard-landscaping-for-light-gray-houses,A,yes,yes,yes,yes,yes,yes,yes,yes
front-yard-landscaping-for-light-gray-houses-b,front-yard-landscaping-for-light-gray-houses,B,yes,yes,yes,yes,yes,yes,yes,yes
front-yard-landscaping-for-light-gray-houses-c,front-yard-landscaping-for-light-gray-houses,C,yes,yes,yes,yes,yes,yes,yes,yes
front-yard-landscaping-for-red-brick-homes-a,front-yard-landscaping-for-red-brick-homes,A,yes,yes,yes,yes,yes,yes,yes,yes
front-yard-landscaping-for-red-brick-homes-b,front-yard-landscaping-for-red-brick-homes,B,yes,yes,yes,yes,yes,yes,yes,yes
front-yard-landscaping-for-red-brick-homes-c,front-yard-landscaping-for-red-brick-homes,C,yes,yes,yes,yes,yes,yes,yes,yes
front-yard-landscaping-for-yellow-houses-a,front-yard-landscaping-for-yellow-houses,A,yes,yes,yes,yes,yes,yes,yes,yes
front-yard-landscaping-for-yellow-houses-b,front-yard-landscaping-for-yellow-houses,B,yes,yes,yes,yes,yes,yes,yes,yes
front-yard-landscaping-for-yellow-houses-c,front-yard-landscaping-for-yellow-houses,C,yes,yes,yes,yes,yes,yes,yes,yes
front-yard-landscaping-on-a-budget-expensive-look-a,front-yard-landscaping-on-a-budget-expensive-look,A,yes,yes,yes,yes,yes,yes,yes,yes
front-yard-landscaping-on-a-budget-expensive-look-b,front-yard-landscaping-on-a-budget-expensive-look,B,yes,yes,yes,yes,yes,yes,yes,yes
front-yard-landscaping-on-a-budget-expensive-look-c,front-yard-landscaping-on-a-budget-expensive-look,C,yes,yes,yes,yes,yes,yes,yes,yes
front-yard-landscaping-under-500-a,front-yard-landscaping-under-500,A,yes,yes,yes,yes,yes,yes,yes,yes
front-yard-landscaping-under-500-b,front-yard-landscaping-under-500,B,yes,yes,yes,yes,yes,yes,yes,yes
front-yard-landscaping-under-500-c,front-yard-landscaping-under-500,C,yes,yes,yes,yes,yes,yes,yes,yes
front-yard-landscaping-with-free-materials-a,front-yard-landscaping-with-free-materials,A,yes,yes,yes,yes,yes,yes,yes,yes
front-yard-landscaping-with-free-materials-b,front-yard-landscaping-with-free-materials,B,yes,yes,yes,yes,yes,yes,yes,yes
front-yard-landscaping-with-free-materials-c,front-yard-landscaping-with-free-materials,C,yes,yes,yes,yes,yes,yes,yes,yes
front-yard-lavender-landscaping-ideas-a,front-yard-lavender-landscaping-ideas,A,yes,yes,yes,yes,yes,yes,yes,yes
front-yard-lavender-landscaping-ideas-b,front-yard-lavender-landscaping-ideas,B,yes,yes,yes,yes,yes,yes,yes,yes
front-yard-lavender-landscaping-ideas-c,front-yard-lavender-landscaping-ideas,C,yes,yes,yes,yes,yes,yes,yes,yes
front-yard-lawn-edging-curb-appeal-ideas-a,front-yard-lawn-edging-curb-appeal-ideas,A,yes,yes,yes,yes,yes,yes,yes,yes
front-yard-lawn-edging-curb-appeal-ideas-b,front-yard-lawn-edging-curb-appeal-ideas,B,yes,yes,yes,yes,yes,yes,yes,yes
front-yard-lawn-edging-curb-appeal-ideas-c,front-yard-lawn-edging-curb-appeal-ideas,C,yes,yes,yes,yes,yes,yes,yes,yes
front-yard-limestone-landscaping-ideas-a,front-yard-limestone-landscaping-ideas,A,yes,yes,yes,yes,yes,yes,yes,yes
front-yard-luxury-curb-appeal-ideas-a,front-yard-luxury-curb-appeal-ideas,A,yes,yes,yes,yes,yes,yes,yes,yes
front-yard-luxury-curb-appeal-ideas-b,front-yard-luxury-curb-appeal-ideas,B,yes,yes,yes,yes,yes,yes,yes,yes
front-yard-minimalist-landscaping-ideas-a,front-yard-minimalist-landscaping-ideas,A,yes,yes,yes,yes,yes,yes,yes,yes
front-yard-minimalist-landscaping-ideas-b,front-yard-minimalist-landscaping-ideas,B,yes,yes,yes,yes,yes,yes,yes,yes
front-yard-mulch-and-edging-ideas-for-clean-landscaping-a,front-yard-mulch-and-edging-ideas-for-clean-landscaping,A,yes,yes,yes,yes,yes,yes,yes,yes
front-yard-mulch-and-edging-ideas-for-clean-landscaping-b,front-yard-mulch-and-edging-ideas-for-clean-landscaping,B,yes,yes,yes,yes,yes,yes,yes,yes
front-yard-native-flower-bed-ideas-a,front-yard-native-flower-bed-ideas,A,yes,yes,yes,yes,yes,yes,yes,yes
front-yard-native-flower-bed-ideas-b,front-yard-native-flower-bed-ideas,B,yes,yes,yes,yes,yes,yes,yes,yes
front-yard-pathway-border-ideas-with-plants-a,front-yard-pathway-border-ideas-with-plants,A,yes,yes,yes,yes,yes,yes,yes,yes
front-yard-pathway-border-ideas-with-plants-b,front-yard-pathway-border-ideas-with-plants,B,yes,yes,yes,yes,yes,yes,yes,yes
front-yard-pathway-border-ideas-with-plants-c,front-yard-pathway-border-ideas-with-plants,C,yes,yes,yes,yes,yes,yes,yes,yes
front-yard-peony-bed-ideas-a,front-yard-peony-bed-ideas,A,yes,yes,yes,yes,yes,yes,yes,yes
front-yard-peony-bed-ideas-b,front-yard-peony-bed-ideas,B,yes,yes,yes,yes,yes,yes,yes,yes
front-yard-perennial-flower-bed-ideas-a,front-yard-perennial-flower-bed-ideas,A,yes,yes,yes,yes,yes,yes,yes,yes
front-yard-perennial-flower-bed-ideas-b,front-yard-perennial-flower-bed-ideas,B,yes,yes,yes,yes,yes,yes,yes,yes
front-yard-pollinator-garden-ideas-a,front-yard-pollinator-garden-ideas,A,yes,yes,yes,yes,yes,yes,yes,yes
front-yard-pollinator-garden-ideas-b,front-yard-pollinator-garden-ideas,B,yes,yes,yes,yes,yes,yes,yes,yes
front-yard-porch-curb-appeal-ideas-a,front-yard-porch-curb-appeal-ideas,A,yes,yes,yes,yes,yes,yes,yes,yes
front-yard-porch-curb-appeal-ideas-b,front-yard-porch-curb-appeal-ideas,B,yes,yes,yes,yes,yes,yes,yes,yes
front-yard-privacy-landscaping-ideas-that-still-feel-open-a,front-yard-privacy-landscaping-ideas-that-still-feel-open,A,yes,yes,yes,yes,yes,yes,yes,yes
front-yard-privacy-landscaping-ideas-that-still-feel-open-b,front-yard-privacy-landscaping-ideas-that-still-feel-open,B,yes,yes,yes,yes,yes,yes,yes,yes
front-yard-river-rock-landscaping-ideas-a,front-yard-river-rock-landscaping-ideas,A,yes,yes,yes,yes,yes,yes,yes,yes
front-yard-rock-and-mulch-landscaping-a,front-yard-rock-and-mulch-landscaping,A,yes,yes,yes,yes,yes,yes,yes,yes
front-yard-rock-border-ideas-a,front-yard-rock-border-ideas,A,yes,yes,yes,yes,yes,yes,yes,yes
front-yard-rock-garden-with-flowers-a,front-yard-rock-garden-with-flowers,A,yes,yes,yes,yes,yes,yes,yes,yes
front-yard-rock-garden-with-flowers-b,front-yard-rock-garden-with-flowers,B,yes,yes,yes,yes,yes,yes,yes,yes
front-yard-rock-landscaping-around-trees-a,front-yard-rock-landscaping-around-trees,A,yes,yes,yes,yes,yes,yes,yes,yes
front-yard-rock-landscaping-for-brick-houses-a,front-yard-rock-landscaping-for-brick-houses,A,yes,yes,yes,yes,yes,yes,yes,yes
front-yard-rock-landscaping-for-corner-lots-a,front-yard-rock-landscaping-for-corner-lots,A,yes,yes,yes,yes,yes,yes,yes,yes
front-yard-rock-landscaping-for-modern-farmhouses-a,front-yard-rock-landscaping-for-modern-farmhouses,A,yes,yes,yes,yes,yes,yes,yes,yes
front-yard-rock-landscaping-for-sloped-yards-a,front-yard-rock-landscaping-for-sloped-yards,A,yes,yes,yes,yes,yes,yes,yes,yes
front-yard-rock-landscaping-for-white-houses-a,front-yard-rock-landscaping-for-white-houses,A,yes,yes,yes,yes,yes,yes,yes,yes
front-yard-rock-landscaping-modern-ideas-a,front-yard-rock-landscaping-modern-ideas,A,yes,yes,yes,yes,yes,yes,yes,yes
front-yard-rock-landscaping-with-agave-a,front-yard-rock-landscaping-with-agave,A,yes,yes,yes,yes,yes,yes,yes,yes
front-yard-rock-landscaping-with-cactus-accents-a,front-yard-rock-landscaping-with-cactus-accents,A,yes,yes,yes,yes,yes,yes,yes,yes
front-yard-rock-landscaping-with-decomposed-granite-a,front-yard-rock-landscaping-with-decomposed-granite,A,yes,yes,yes,yes,yes,yes,yes,yes
front-yard-rock-landscaping-with-evergreen-shrubs-a,front-yard-rock-landscaping-with-evergreen-shrubs,A,yes,yes,yes,yes,yes,yes,yes,yes
front-yard-rock-landscaping-with-flagstone-paths-a,front-yard-rock-landscaping-with-flagstone-paths,A,yes,yes,yes,yes,yes,yes,yes,yes
front-yard-rock-landscaping-with-low-shrubs-a,front-yard-rock-landscaping-with-low-shrubs,A,yes,yes,yes,yes,yes,yes,yes,yes
front-yard-rock-landscaping-with-modern-pathways-a,front-yard-rock-landscaping-with-modern-pathways,A,yes,yes,yes,yes,yes,yes,yes,yes
front-yard-rock-landscaping-with-olive-trees-a,front-yard-rock-landscaping-with-olive-trees,A,yes,yes,yes,yes,yes,yes,yes,yes
front-yard-rock-landscaping-with-path-lights-a,front-yard-rock-landscaping-with-path-lights,A,yes,yes,yes,yes,yes,yes,yes,yes
front-yard-rock-landscaping-with-raised-stone-beds-a,front-yard-rock-landscaping-with-raised-stone-beds,A,yes,yes,yes,yes,yes,yes,yes,yes
front-yard-rock-landscaping-with-stone-retaining-edges-a,front-yard-rock-landscaping-with-stone-retaining-edges,A,yes,yes,yes,yes,yes,yes,yes,yes
front-yard-rock-landscaping-with-yuccas-a,front-yard-rock-landscaping-with-yuccas,A,yes,yes,yes,yes,yes,yes,yes,yes
front-yard-rose-garden-ideas-a,front-yard-rose-garden-ideas,A,yes,yes,yes,yes,yes,yes,yes,yes
front-yard-rose-garden-ideas-b,front-yard-rose-garden-ideas,B,yes,yes,yes,yes,yes,yes,yes,yes
front-yard-salvia-and-grass-bed-ideas-a,front-yard-salvia-and-grass-bed-ideas,A,yes,yes,yes,yes,yes,yes,yes,yes
front-yard-salvia-and-grass-bed-ideas-b,front-yard-salvia-and-grass-bed-ideas,B,yes,yes,yes,yes,yes,yes,yes,yes
front-yard-seasonal-refresh-ideas-for-spring-and-fall-a,front-yard-seasonal-refresh-ideas-for-spring-and-fall,A,yes,yes,yes,yes,yes,yes,yes,yes
front-yard-seasonal-refresh-ideas-for-spring-and-fall-b,front-yard-seasonal-refresh-ideas-for-spring-and-fall,B,yes,yes,yes,yes,yes,yes,yes,yes
front-yard-shade-flower-bed-ideas-a,front-yard-shade-flower-bed-ideas,A,yes,yes,yes,yes,yes,yes,yes,yes
front-yard-shade-flower-bed-ideas-b,front-yard-shade-flower-bed-ideas,B,yes,yes,yes,yes,yes,yes,yes,yes
front-yard-shade-landscaping-ideas-a,front-yard-shade-landscaping-ideas,A,yes,yes,yes,yes,yes,yes,yes,yes
front-yard-shade-landscaping-ideas-b,front-yard-shade-landscaping-ideas,B,yes,yes,yes,yes,yes,yes,yes,yes
front-yard-side-yard-transition-landscaping-a,front-yard-side-yard-transition-landscaping,A,yes,yes,yes,yes,yes,yes,yes,yes
front-yard-side-yard-transition-landscaping-b,front-yard-side-yard-transition-landscaping,B,yes,yes,yes,yes,yes,yes,yes,yes
front-yard-slate-chip-landscaping-ideas-a,front-yard-slate-chip-landscaping-ideas,A,yes,yes,yes,yes,yes,yes,yes,yes
front-yard-sloped-landscaping-ideas-with-retaining-walls-a,front-yard-sloped-landscaping-ideas-with-retaining-walls,A,yes,yes,yes,yes,yes,yes,yes,yes
front-yard-stepping-stone-walkway-ideas-a,front-yard-stepping-stone-walkway-ideas,A,yes,yes,yes,yes,yes,yes,yes,yes
front-yard-stepping-stone-walkway-ideas-b,front-yard-stepping-stone-walkway-ideas,B,yes,yes,yes,yes,yes,yes,yes,yes
front-yard-stepping-stone-walkway-ideas-c,front-yard-stepping-stone-walkway-ideas,C,yes,yes,yes,yes,yes,yes,yes,yes
front-yard-stone-steps-landscaping-ideas-a,front-yard-stone-steps-landscaping-ideas,A,yes,yes,yes,yes,yes,yes,yes,yes
front-yard-symmetry-landscaping-ideas-a,front-yard-symmetry-landscaping-ideas,A,yes,yes,yes,yes,yes,yes,yes,yes
front-yard-symmetry-landscaping-ideas-b,front-yard-symmetry-landscaping-ideas,B,yes,yes,yes,yes,yes,yes,yes,yes
front-yard-tree-ideas-for-curb-appeal-and-shade-a,front-yard-tree-ideas-for-curb-appeal-and-shade,A,yes,yes,yes,yes,yes,yes,yes,yes
front-yard-tree-ideas-for-curb-appeal-and-shade-b,front-yard-tree-ideas-for-curb-appeal-and-shade,B,yes,yes,yes,yes,yes,yes,yes,yes
front-yard-tulip-bed-ideas-a,front-yard-tulip-bed-ideas,A,yes,yes,yes,yes,yes,yes,yes,yes
front-yard-tulip-bed-ideas-b,front-yard-tulip-bed-ideas,B,yes,yes,yes,yes,yes,yes,yes,yes
front-yard-white-flower-landscaping-ideas-a,front-yard-white-flower-landscaping-ideas,A,yes,yes,yes,yes,yes,yes,yes,yes
front-yard-white-flower-landscaping-ideas-b,front-yard-white-flower-landscaping-ideas,B,yes,yes,yes,yes,yes,yes,yes,yes
front-yard-wildflower-bed-ideas-a,front-yard-wildflower-bed-ideas,A,yes,yes,yes,yes,yes,yes,yes,yes
front-yard-wildflower-bed-ideas-b,front-yard-wildflower-bed-ideas,B,yes,yes,yes,yes,yes,yes,yes,yes
front-yard-window-box-and-planter-ideas-a,front-yard-window-box-and-planter-ideas,A,yes,yes,yes,yes,yes,yes,yes,yes
front-yard-window-box-and-planter-ideas-b,front-yard-window-box-and-planter-ideas,B,yes,yes,yes,yes,yes,yes,yes,yes
front-yard-woodland-landscaping-ideas-a,front-yard-woodland-landscaping-ideas,A,yes,yes,yes,yes,yes,yes,yes,yes
front-yard-woodland-landscaping-ideas-b,front-yard-woodland-landscaping-ideas,B,yes,yes,yes,yes,yes,yes,yes,yes
low-maintenance-evergreen-front-yard-ideas-a,low-maintenance-evergreen-front-yard-ideas,A,yes,yes,yes,yes,yes,yes,yes,yes
low-maintenance-evergreen-front-yard-ideas-b,low-maintenance-evergreen-front-yard-ideas,B,yes,yes,yes,yes,yes,yes,yes,yes
low-maintenance-front-yard-drip-irrigation-ideas-a,low-maintenance-front-yard-drip-irrigation-ideas,A,yes,yes,yes,yes,yes,yes,yes,yes
low-maintenance-front-yard-drip-irrigation-ideas-b,low-maintenance-front-yard-drip-irrigation-ideas,B,yes,yes,yes,yes,yes,yes,yes,yes
low-maintenance-front-yard-evergreen-border-ideas-a,low-maintenance-front-yard-evergreen-border-ideas,A,yes,yes,yes,yes,yes,yes,yes,yes
low-maintenance-front-yard-evergreen-border-ideas-b,low-maintenance-front-yard-evergreen-border-ideas,B,yes,yes,yes,yes,yes,yes,yes,yes
low-maintenance-front-yard-for-busy-homeowners-a,low-maintenance-front-yard-for-busy-homeowners,A,yes,yes,yes,yes,yes,yes,yes,yes
low-maintenance-front-yard-for-busy-homeowners-b,low-maintenance-front-yard-for-busy-homeowners,B,yes,yes,yes,yes,yes,yes,yes,yes
low-maintenance-front-yard-for-cold-climates-a,low-maintenance-front-yard-for-cold-climates,A,yes,yes,yes,yes,yes,yes,yes,yes
low-maintenance-front-yard-for-cold-climates-b,low-maintenance-front-yard-for-cold-climates,B,yes,yes,yes,yes,yes,yes,yes,yes
low-maintenance-front-yard-for-hot-climates-a,low-maintenance-front-yard-for-hot-climates,A,yes,yes,yes,yes,yes,yes,yes,yes
low-maintenance-front-yard-for-hot-climates-b,low-maintenance-front-yard-for-hot-climates,B,yes,yes,yes,yes,yes,yes,yes,yes
low-maintenance-front-yard-ideas-for-dog-owners-a,low-maintenance-front-yard-ideas-for-dog-owners,A,yes,yes,yes,yes,yes,yes,yes,yes
low-maintenance-front-yard-ideas-for-dog-owners-b,low-maintenance-front-yard-ideas-for-dog-owners,B,yes,yes,yes,yes,yes,yes,yes,yes
low-maintenance-front-yard-ideas-for-hoa-neighborhoods-a,low-maintenance-front-yard-ideas-for-hoa-neighborhoods,A,yes,yes,yes,yes,yes,yes,yes,yes
low-maintenance-front-yard-ideas-for-hoa-neighborhoods-b,low-maintenance-front-yard-ideas-for-hoa-neighborhoods,B,yes,yes,yes,yes,yes,yes,yes,yes
low-maintenance-front-yard-ideas-for-seniors-a,low-maintenance-front-yard-ideas-for-seniors,A,yes,yes,yes,yes,yes,yes,yes,yes
low-maintenance-front-yard-ideas-for-seniors-b,low-maintenance-front-yard-ideas-for-seniors,B,yes,yes,yes,yes,yes,yes,yes,yes
low-maintenance-front-yard-ideas-with-artificial-turf-a,low-maintenance-front-yard-ideas-with-artificial-turf,A,yes,yes,yes,yes,yes,yes,yes,yes
low-maintenance-front-yard-ideas-with-artificial-turf-b,low-maintenance-front-yard-ideas-with-artificial-turf,B,yes,yes,yes,yes,yes,yes,yes,yes
low-maintenance-front-yard-ideas-with-automatic-watering-a,low-maintenance-front-yard-ideas-with-automatic-watering,A,yes,yes,yes,yes,yes,yes,yes,yes
low-maintenance-front-yard-ideas-with-automatic-watering-b,low-maintenance-front-yard-ideas-with-automatic-watering,B,yes,yes,yes,yes,yes,yes,yes,yes
low-maintenance-front-yard-ideas-with-boxwood-borders-a,low-maintenance-front-yard-ideas-with-boxwood-borders,A,yes,yes,yes,yes,yes,yes,yes,yes
low-maintenance-front-yard-ideas-with-boxwood-borders-b,low-maintenance-front-yard-ideas-with-boxwood-borders,B,yes,yes,yes,yes,yes,yes,yes,yes
low-maintenance-front-yard-ideas-with-clover-a,low-maintenance-front-yard-ideas-with-clover,A,yes,yes,yes,yes,yes,yes,yes,yes
low-maintenance-front-yard-ideas-with-clover-b,low-maintenance-front-yard-ideas-with-clover,B,yes,yes,yes,yes,yes,yes,yes,yes
low-maintenance-front-yard-ideas-with-compact-grasses-a,low-maintenance-front-yard-ideas-with-compact-grasses,A,yes,yes,yes,yes,yes,yes,yes,yes
low-maintenance-front-yard-ideas-with-compact-grasses-b,low-maintenance-front-yard-ideas-with-compact-grasses,B,yes,yes,yes,yes,yes,yes,yes,yes
low-maintenance-front-yard-ideas-with-drought-smart-borders-a,low-maintenance-front-yard-ideas-with-drought-smart-borders,A,yes,yes,yes,yes,yes,yes,yes,yes
low-maintenance-front-yard-ideas-with-drought-smart-borders-b,low-maintenance-front-yard-ideas-with-drought-smart-borders,B,yes,yes,yes,yes,yes,yes,yes,yes
low-maintenance-front-yard-ideas-with-durable-paths-a,low-maintenance-front-yard-ideas-with-durable-paths,A,yes,yes,yes,yes,yes,yes,yes,yes
low-maintenance-front-yard-ideas-with-durable-paths-b,low-maintenance-front-yard-ideas-with-durable-paths,B,yes,yes,yes,yes,yes,yes,yes,yes
low-maintenance-front-yard-ideas-with-dwarf-evergreens-a,low-maintenance-front-yard-ideas-with-dwarf-evergreens,A,yes,yes,yes,yes,yes,yes,yes,yes
low-maintenance-front-yard-ideas-with-dwarf-evergreens-b,low-maintenance-front-yard-ideas-with-dwarf-evergreens,B,yes,yes,yes,yes,yes,yes,yes,yes
low-maintenance-front-yard-ideas-with-evergreen-foundation-plants-a,low-maintenance-front-yard-ideas-with-evergreen-foundation-plants,A,yes,yes,yes,yes,yes,yes,yes,yes
low-maintenance-front-yard-ideas-with-evergreen-foundation-plants-b,low-maintenance-front-yard-ideas-with-evergreen-foundation-plants,B,yes,yes,yes,yes,yes,yes,yes,yes
low-maintenance-front-yard-ideas-with-evergreen-groundcovers-a,low-maintenance-front-yard-ideas-with-evergreen-groundcovers,A,yes,yes,yes,yes,yes,yes,yes,yes
low-maintenance-front-yard-ideas-with-evergreen-groundcovers-b,low-maintenance-front-yard-ideas-with-evergreen-groundcovers,B,yes,yes,yes,yes,yes,yes,yes,yes
low-maintenance-front-yard-ideas-with-minimal-lawn-a,low-maintenance-front-yard-ideas-with-minimal-lawn,A,yes,yes,yes,yes,yes,yes,yes,yes
low-maintenance-front-yard-ideas-with-mulch-pathways-a,low-maintenance-front-yard-ideas-with-mulch-pathways,A,yes,yes,yes,yes,yes,yes,yes,yes
low-maintenance-front-yard-ideas-with-no-annuals-a,low-maintenance-front-yard-ideas-with-no-annuals,A,yes,yes,yes,yes,yes,yes,yes,yes
low-maintenance-front-yard-ideas-with-rain-garden-drainage-a,low-maintenance-front-yard-ideas-with-rain-garden-drainage,A,yes,yes,yes,yes,yes,yes,yes,yes
low-maintenance-front-yard-ideas-with-rock-mulch-a,low-maintenance-front-yard-ideas-with-rock-mulch,A,yes,yes,yes,yes,yes,yes,yes,yes
low-maintenance-front-yard-ideas-with-slow-growing-shrubs-a,low-maintenance-front-yard-ideas-with-slow-growing-shrubs,A,yes,yes,yes,yes,yes,yes,yes,yes
low-maintenance-front-yard-ideas-with-wide-mulch-beds-a,low-maintenance-front-yard-ideas-with-wide-mulch-beds,A,yes,yes,yes,yes,yes,yes,yes,yes
low-maintenance-front-yard-landscaping-that-still-looks-premium-a,low-maintenance-front-yard-landscaping-that-still-looks-premium,A,yes,yes,yes,yes,yes,yes,yes,yes
low-maintenance-front-yard-shrub-ideas-a,low-maintenance-front-yard-shrub-ideas,A,yes,yes,yes,yes,yes,yes,yes,yes
low-maintenance-front-yard-slope-ideas-a,low-maintenance-front-yard-slope-ideas,A,yes,yes,yes,yes,yes,yes,yes,yes
low-maintenance-front-yard-with-groundcover-a,low-maintenance-front-yard-with-groundcover,A,yes,yes,yes,yes,yes,yes,yes,yes
low-maintenance-front-yard-with-mulch-a,low-maintenance-front-yard-with-mulch,A,yes,yes,yes,yes,yes,yes,yes,yes
low-maintenance-front-yard-with-native-plants-a,low-maintenance-front-yard-with-native-plants,A,yes,yes,yes,yes,yes,yes,yes,yes
low-maintenance-front-yard-with-no-grass-a,low-maintenance-front-yard-with-no-grass,A,yes,yes,yes,yes,yes,yes,yes,yes
modern-front-yard-black-and-white-exterior-landscaping-a,modern-front-yard-black-and-white-exterior-landscaping,A,yes,yes,yes,yes,yes,yes,yes,yes
modern-front-yard-black-and-white-exterior-landscaping-b,modern-front-yard-black-and-white-exterior-landscaping,B,yes,yes,yes,yes,yes,yes,yes,yes
modern-front-yard-concrete-walkway-ideas-a,modern-front-yard-concrete-walkway-ideas,A,yes,yes,yes,yes,yes,yes,yes,yes
modern-front-yard-concrete-walkway-ideas-b,modern-front-yard-concrete-walkway-ideas,B,yes,yes,yes,yes,yes,yes,yes,yes
modern-front-yard-concrete-walkway-ideas-c,modern-front-yard-concrete-walkway-ideas,C,yes,yes,yes,yes,yes,yes,yes,yes
modern-front-yard-corten-steel-landscaping-ideas-a,modern-front-yard-corten-steel-landscaping-ideas,A,yes,yes,yes,yes,yes,yes,yes,yes
modern-front-yard-corten-steel-landscaping-ideas-b,modern-front-yard-corten-steel-landscaping-ideas,B,yes,yes,yes,yes,yes,yes,yes,yes
modern-front-yard-courtyard-ideas-a,modern-front-yard-courtyard-ideas,A,yes,yes,yes,yes,yes,yes,yes,yes
modern-front-yard-courtyard-ideas-b,modern-front-yard-courtyard-ideas,B,yes,yes,yes,yes,yes,yes,yes,yes
modern-front-yard-horizontal-fence-landscaping-a,modern-front-yard-horizontal-fence-landscaping,A,yes,yes,yes,yes,yes,yes,yes,yes
modern-front-yard-horizontal-fence-landscaping-b,modern-front-yard-horizontal-fence-landscaping,B,yes,yes,yes,yes,yes,yes,yes,yes
modern-front-yard-ideas-for-flat-roof-homes-a,modern-front-yard-ideas-for-flat-roof-homes,A,yes,yes,yes,yes,yes,yes,yes,yes
modern-front-yard-ideas-for-flat-roof-homes-b,modern-front-yard-ideas-for-flat-roof-homes,B,yes,yes,yes,yes,yes,yes,yes,yes
modern-front-yard-ideas-for-ranch-homes-a,modern-front-yard-ideas-for-ranch-homes,A,yes,yes,yes,yes,yes,yes,yes,yes
modern-front-yard-ideas-for-ranch-homes-b,modern-front-yard-ideas-for-ranch-homes,B,yes,yes,yes,yes,yes,yes,yes,yes
modern-front-yard-ideas-with-black-mulch-a,modern-front-yard-ideas-with-black-mulch,A,yes,yes,yes,yes,yes,yes,yes,yes
modern-front-yard-ideas-with-black-stone-borders-a,modern-front-yard-ideas-with-black-stone-borders,A,yes,yes,yes,yes,yes,yes,yes,yes
modern-front-yard-ideas-with-boxwood-structure-a,modern-front-yard-ideas-with-boxwood-structure,A,yes,yes,yes,yes,yes,yes,yes,yes
modern-front-yard-ideas-with-cedar-accents-a,modern-front-yard-ideas-with-cedar-accents,A,yes,yes,yes,yes,yes,yes,yes,yes
modern-front-yard-ideas-with-cedar-accents-b,modern-front-yard-ideas-with-cedar-accents,B,yes,yes,yes,yes,yes,yes,yes,yes
modern-front-yard-ideas-with-concrete-planters-a,modern-front-yard-ideas-with-concrete-planters,A,yes,yes,yes,yes,yes,yes,yes,yes
modern-front-yard-ideas-with-concrete-planters-b,modern-front-yard-ideas-with-concrete-planters,B,yes,yes,yes,yes,yes,yes,yes,yes
modern-front-yard-ideas-with-floating-steps-a,modern-front-yard-ideas-with-floating-steps,A,yes,yes,yes,yes,yes,yes,yes,yes
modern-front-yard-ideas-with-floating-steps-b,modern-front-yard-ideas-with-floating-steps,B,yes,yes,yes,yes,yes,yes,yes,yes
modern-front-yard-ideas-with-glass-front-doors-a,modern-front-yard-ideas-with-glass-front-doors,A,yes,yes,yes,yes,yes,yes,yes,yes
modern-front-yard-ideas-with-glass-front-doors-b,modern-front-yard-ideas-with-glass-front-doors,B,yes,yes,yes,yes,yes,yes,yes,yes
modern-front-yard-ideas-with-linear-planting-beds-a,modern-front-yard-ideas-with-linear-planting-beds,A,yes,yes,yes,yes,yes,yes,yes,yes
modern-front-yard-ideas-with-linear-planting-beds-b,modern-front-yard-ideas-with-linear-planting-beds,B,yes,yes,yes,yes,yes,yes,yes,yes
modern-front-yard-ideas-with-matte-black-planters-a,modern-front-yard-ideas-with-matte-black-planters,A,yes,yes,yes,yes,yes,yes,yes,yes
modern-front-yard-ideas-with-matte-black-planters-b,modern-front-yard-ideas-with-matte-black-planters,B,yes,yes,yes,yes,yes,yes,yes,yes
modern-front-yard-ideas-with-porcelain-pavers-a,modern-front-yard-ideas-with-porcelain-pavers,A,yes,yes,yes,yes,yes,yes,yes,yes
modern-front-yard-ideas-with-sculptural-trees-a,modern-front-yard-ideas-with-sculptural-trees,A,yes,yes,yes,yes,yes,yes,yes,yes
modern-front-yard-ideas-with-sculptural-trees-b,modern-front-yard-ideas-with-sculptural-trees,B,yes,yes,yes,yes,yes,yes,yes,yes
modern-front-yard-ideas-with-soft-meadow-grasses-a,modern-front-yard-ideas-with-soft-meadow-grasses,A,yes,yes,yes,yes,yes,yes,yes,yes
modern-front-yard-ideas-with-soft-meadow-grasses-b,modern-front-yard-ideas-with-soft-meadow-grasses,B,yes,yes,yes,yes,yes,yes,yes,yes
modern-front-yard-ideas-with-warm-exterior-lighting-a,modern-front-yard-ideas-with-warm-exterior-lighting,A,yes,yes,yes,yes,yes,yes,yes,yes
modern-front-yard-ideas-with-white-stone-a,modern-front-yard-ideas-with-white-stone,A,yes,yes,yes,yes,yes,yes,yes,yes
modern-front-yard-landscaping-clean-curb-appeal-a,modern-front-yard-landscaping-clean-curb-appeal,A,yes,yes,yes,yes,yes,yes,yes,yes
modern-front-yard-landscaping-clean-curb-appeal-b,modern-front-yard-landscaping-clean-curb-appeal,B,yes,yes,yes,yes,yes,yes,yes,yes
modern-front-yard-limestone-paver-ideas-a,modern-front-yard-limestone-paver-ideas,A,yes,yes,yes,yes,yes,yes,yes,yes
modern-front-yard-metal-edging-ideas-a,modern-front-yard-metal-edging-ideas,A,yes,yes,yes,yes,yes,yes,yes,yes
modern-front-yard-metal-edging-ideas-b,modern-front-yard-metal-edging-ideas,B,yes,yes,yes,yes,yes,yes,yes,yes
modern-front-yard-ornamental-grass-ideas-a,modern-front-yard-ornamental-grass-ideas,A,yes,yes,yes,yes,yes,yes,yes,yes
modern-front-yard-ornamental-grass-ideas-b,modern-front-yard-ornamental-grass-ideas,B,yes,yes,yes,yes,yes,yes,yes,yes
modern-front-yard-ornamental-grass-ideas-c,modern-front-yard-ornamental-grass-ideas,C,yes,yes,yes,yes,yes,yes,yes,yes
modern-front-yard-paver-ideas-a,modern-front-yard-paver-ideas,A,yes,yes,yes,yes,yes,yes,yes,yes
modern-front-yard-paver-ideas-b,modern-front-yard-paver-ideas,B,yes,yes,yes,yes,yes,yes,yes,yes
modern-front-yard-paver-ideas-c,modern-front-yard-paver-ideas,C,yes,yes,yes,yes,yes,yes,yes,yes
modern-front-yard-planter-box-ideas-a,modern-front-yard-planter-box-ideas,A,yes,yes,yes,yes,yes,yes,yes,yes
modern-front-yard-planter-box-ideas-b,modern-front-yard-planter-box-ideas,B,yes,yes,yes,yes,yes,yes,yes,yes
modern-front-yard-privacy-screen-landscaping-a,modern-front-yard-privacy-screen-landscaping,A,yes,yes,yes,yes,yes,yes,yes,yes
modern-front-yard-privacy-screen-landscaping-b,modern-front-yard-privacy-screen-landscaping,B,yes,yes,yes,yes,yes,yes,yes,yes
modern-front-yard-succulent-and-rock-ideas-a,modern-front-yard-succulent-and-rock-ideas,A,yes,yes,yes,yes,yes,yes,yes,yes
modern-front-yard-water-feature-ideas-a,modern-front-yard-water-feature-ideas,A,yes,yes,yes,yes,yes,yes,yes,yes
modern-front-yard-water-feature-ideas-b,modern-front-yard-water-feature-ideas,B,yes,yes,yes,yes,yes,yes,yes,yes
narrow-front-yard-landscaping-ideas-a,narrow-front-yard-landscaping-ideas,A,yes,yes,yes,yes,yes,yes,yes,yes
narrow-front-yard-landscaping-ideas-b,narrow-front-yard-landscaping-ideas,B,yes,yes,yes,yes,yes,yes,yes,yes
ranch-house-front-yard-landscaping-ideas-a,ranch-house-front-yard-landscaping-ideas,A,yes,yes,yes,yes,yes,yes,yes,yes
ranch-house-front-yard-landscaping-ideas-b,ranch-house-front-yard-landscaping-ideas,B,yes,yes,yes,yes,yes,yes,yes,yes
small-front-yard-corner-lot-landscaping-ideas-a,small-front-yard-corner-lot-landscaping-ideas,A,yes,yes,yes,yes,yes,yes,yes,yes
small-front-yard-corner-lot-landscaping-ideas-b,small-front-yard-corner-lot-landscaping-ideas,B,yes,yes,yes,yes,yes,yes,yes,yes
small-front-yard-courtyard-entry-ideas-a,small-front-yard-courtyard-entry-ideas,A,yes,yes,yes,yes,yes,yes,yes,yes
small-front-yard-courtyard-entry-ideas-b,small-front-yard-courtyard-entry-ideas,B,yes,yes,yes,yes,yes,yes,yes,yes
small-front-yard-driveway-edge-landscaping-ideas-a,small-front-yard-driveway-edge-landscaping-ideas,A,yes,yes,yes,yes,yes,yes,yes,yes
small-front-yard-driveway-edge-landscaping-ideas-b,small-front-yard-driveway-edge-landscaping-ideas,B,yes,yes,yes,yes,yes,yes,yes,yes
small-front-yard-evergreen-landscaping-ideas-a,small-front-yard-evergreen-landscaping-ideas,A,yes,yes,yes,yes,yes,yes,yes,yes
small-front-yard-evergreen-landscaping-ideas-b,small-front-yard-evergreen-landscaping-ideas,B,yes,yes,yes,yes,yes,yes,yes,yes
small-front-yard-ideas-for-city-houses-a,small-front-yard-ideas-for-city-houses,A,yes,yes,yes,yes,yes,yes,yes,yes
small-front-yard-ideas-for-city-houses-b,small-front-yard-ideas-for-city-houses,B,yes,yes,yes,yes,yes,yes,yes,yes
small-front-yard-ideas-for-townhomes-a,small-front-yard-ideas-for-townhomes,A,yes,yes,yes,yes,yes,yes,yes,yes
small-front-yard-ideas-for-townhomes-b,small-front-yard-ideas-for-townhomes,B,yes,yes,yes,yes,yes,yes,yes,yes
small-front-yard-ideas-that-feel-larger-a,small-front-yard-ideas-that-feel-larger,A,yes,yes,yes,yes,yes,yes,yes,yes
small-front-yard-ideas-that-feel-larger-b,small-front-yard-ideas-that-feel-larger,B,yes,yes,yes,yes,yes,yes,yes,yes
small-front-yard-ideas-with-a-narrow-lawn-strip-a,small-front-yard-ideas-with-a-narrow-lawn-strip,A,yes,yes,yes,yes,yes,yes,yes,yes
small-front-yard-ideas-with-a-narrow-lawn-strip-b,small-front-yard-ideas-with-a-narrow-lawn-strip,B,yes,yes,yes,yes,yes,yes,yes,yes
small-front-yard-ideas-with-a-short-walkway-a,small-front-yard-ideas-with-a-short-walkway,A,yes,yes,yes,yes,yes,yes,yes,yes
small-front-yard-ideas-with-a-short-walkway-b,small-front-yard-ideas-with-a-short-walkway,B,yes,yes,yes,yes,yes,yes,yes,yes
small-front-yard-ideas-with-a-single-tree-a,small-front-yard-ideas-with-a-single-tree,A,yes,yes,yes,yes,yes,yes,yes,yes
small-front-yard-ideas-with-a-single-tree-b,small-front-yard-ideas-with-a-single-tree,B,yes,yes,yes,yes,yes,yes,yes,yes
small-front-yard-ideas-with-hydrangeas-a,small-front-yard-ideas-with-hydrangeas,A,yes,yes,yes,yes,yes,yes,yes,yes
small-front-yard-ideas-with-hydrangeas-b,small-front-yard-ideas-with-hydrangeas,B,yes,yes,yes,yes,yes,yes,yes,yes
small-front-yard-ideas-with-low-privacy-planting-a,small-front-yard-ideas-with-low-privacy-planting,A,yes,yes,yes,yes,yes,yes,yes,yes
small-front-yard-ideas-with-low-privacy-planting-b,small-front-yard-ideas-with-low-privacy-planting,B,yes,yes,yes,yes,yes,yes,yes,yes
small-front-yard-ideas-with-raised-planters-a,small-front-yard-ideas-with-raised-planters,A,yes,yes,yes,yes,yes,yes,yes,yes
small-front-yard-ideas-with-raised-planters-b,small-front-yard-ideas-with-raised-planters,B,yes,yes,yes,yes,yes,yes,yes,yes
small-front-yard-ideas-with-sidewalk-to-door-flow-a,small-front-yard-ideas-with-sidewalk-to-door-flow,A,yes,yes,yes,yes,yes,yes,yes,yes
small-front-yard-ideas-with-sidewalk-to-door-flow-b,small-front-yard-ideas-with-sidewalk-to-door-flow,B,yes,yes,yes,yes,yes,yes,yes,yes
small-front-yard-ideas-with-skinny-foundation-beds-a,small-front-yard-ideas-with-skinny-foundation-beds,A,yes,yes,yes,yes,yes,yes,yes,yes
small-front-yard-ideas-with-skinny-foundation-beds-b,small-front-yard-ideas-with-skinny-foundation-beds,B,yes,yes,yes,yes,yes,yes,yes,yes
small-front-yard-ideas-with-window-view-planting-a,small-front-yard-ideas-with-window-view-planting,A,yes,yes,yes,yes,yes,yes,yes,yes
small-front-yard-ideas-with-window-view-planting-b,small-front-yard-ideas-with-window-view-planting,B,yes,yes,yes,yes,yes,yes,yes,yes
small-front-yard-landscaping-for-brick-homes-a,small-front-yard-landscaping-for-brick-homes,A,yes,yes,yes,yes,yes,yes,yes,yes
small-front-yard-landscaping-for-brick-homes-b,small-front-yard-landscaping-for-brick-homes,B,yes,yes,yes,yes,yes,yes,yes,yes
small-front-yard-landscaping-for-bungalows-a,small-front-yard-landscaping-for-bungalows,A,yes,yes,yes,yes,yes,yes,yes,yes
small-front-yard-landscaping-for-bungalows-b,small-front-yard-landscaping-for-bungalows,B,yes,yes,yes,yes,yes,yes,yes,yes
small-front-yard-landscaping-for-cape-cod-homes-a,small-front-yard-landscaping-for-cape-cod-homes,A,yes,yes,yes,yes,yes,yes,yes,yes
small-front-yard-landscaping-for-duplex-homes-a,small-front-yard-landscaping-for-duplex-homes,A,yes,yes,yes,yes,yes,yes,yes,yes
small-front-yard-landscaping-for-narrow-brick-homes-a,small-front-yard-landscaping-for-narrow-brick-homes,A,yes,yes,yes,yes,yes,yes,yes,yes
small-front-yard-landscaping-for-row-houses-a,small-front-yard-landscaping-for-row-houses,A,yes,yes,yes,yes,yes,yes,yes,yes
small-front-yard-landscaping-for-split-level-homes-a,small-front-yard-landscaping-for-split-level-homes,A,yes,yes,yes,yes,yes,yes,yes,yes
small-front-yard-landscaping-for-two-story-homes-a,small-front-yard-landscaping-for-two-story-homes,A,yes,yes,yes,yes,yes,yes,yes,yes
small-front-yard-landscaping-for-zero-lot-line-homes-a,small-front-yard-landscaping-for-zero-lot-line-homes,A,yes,yes,yes,yes,yes,yes,yes,yes
small-front-yard-landscaping-with-a-corner-porch-a,small-front-yard-landscaping-with-a-corner-porch,A,yes,yes,yes,yes,yes,yes,yes,yes
small-front-yard-landscaping-with-a-front-gate-a,small-front-yard-landscaping-with-a-front-gate,A,yes,yes,yes,yes,yes,yes,yes,yes
small-front-yard-landscaping-with-a-shared-driveway-a,small-front-yard-landscaping-with-a-shared-driveway,A,yes,yes,yes,yes,yes,yes,yes,yes
small-front-yard-landscaping-with-porch-steps-a,small-front-yard-landscaping-with-porch-steps,A,yes,yes,yes,yes,yes,yes,yes,yes
small-front-yard-landscaping-with-porch-steps-b,small-front-yard-landscaping-with-porch-steps,B,yes,yes,yes,yes,yes,yes,yes,yes
small-front-yard-raised-bed-landscaping-ideas-a,small-front-yard-raised-bed-landscaping-ideas,A,yes,yes,yes,yes,yes,yes,yes,yes
small-front-yard-sidewalk-landscaping-ideas-a,small-front-yard-sidewalk-landscaping-ideas,A,yes,yes,yes,yes,yes,yes,yes,yes
small-front-yard-walkway-and-porch-ideas-a,small-front-yard-walkway-and-porch-ideas,A,yes,yes,yes,yes,yes,yes,yes,yes
small-front-yard-without-grass-ideas-a,small-front-yard-without-grass-ideas,A,yes,yes,yes,yes,yes,yes,yes,yes
straight-front-walkway-landscaping-ideas-a,straight-front-walkway-landscaping-ideas,A,yes,yes,yes,yes,yes,yes,yes,yes
walkway-landscaping-ideas-for-a-polished-entry-a,walkway-landscaping-ideas-for-a-polished-entry,A,yes,yes,yes,yes,yes,yes,yes,yes
